customer_id,name,email,created_at
1,Kendra Butler,nwilson@example.com,2021-12-20 18:42:14.189610
2,Robert Lara,anguyen@example.net,2020-09-24 12:22:13.555996
3,Ashley Russell,millerjessica@example.org,2022-07-23 14:35:55.773530
4,Tammie Schaefer,kleinstephanie@example.org,2023-10-18 09:56:34.851479
5,Ronald Kirby,thomasjames@example.org,2021-12-10 11:49:14.902716
6,James Rice,welchwesley@example.net,2024-03-14 18:52:08.199697
7,Natalie Roberts,katelynhoward@example.com,2022-04-05 09:23:27.842698
8,Greg Rice,hawkinsamanda@example.org,2024-09-03 19:19:32.074762
9,Amy Davis,jacobsjonathan@example.com,2023-10-13 13:09:34.009378
10,Lori Snyder,omccormick@example.com,2020-10-21 08:32:35.432890
11,Kathleen Martinez,chenaaron@example.org,2024-04-14 07:17:36.095463
12,Stephen Pope,christopher15@example.org,2024-12-25 14:08:27.396415
13,Paul Thompson,bclark@example.net,2021-11-09 14:54:05.130646
14,Alex Coleman,xcarter@example.net,2025-02-08 04:05:36.868211
15,Tamara Clark,rangelstephanie@example.org,2023-05-02 11:41:14.389634
16,Kirsten Thompson,grichard@example.com,2024-12-28 18:11:00.471773
17,Sheri Fox,angela75@example.net,2020-09-09 03:11:51.203455
18,Maria Lee,qchapman@example.org,2021-12-19 09:52:17.295639
19,Robin Hoffman,marksutton@example.org,2024-04-24 15:04:56.382291
20,Vincent Navarro,nathan31@example.org,2024-01-24 08:46:25.968493
21,Manuel Cabrera,vburton@example.net,2023-01-01 13:50:27.245981
22,Tammy Obrien,tony60@example.org,2020-08-28 00:20:49.833818
23,Ronald Davis,stevelang@example.com,2021-11-28 14:13:30.060153
24,Joshua Williams,laurie60@example.net,2024-06-11 17:50:47.458284
25,Robert Bell,allenalexis@example.org,2023-02-20 21:12:28.356519
26,Ryan Berry,karen66@example.com,2021-02-14 23:20:50.828278
27,Gilbert Christian,rosalessandra@example.net,2021-06-10 03:35:34.854293
28,Alejandra Lynch,hrivas@example.net,2021-01-07 11:23:41.122216
29,Glenn Thomas,josephchristopher@example.com,2025-02-02 11:11:17.306379
30,Eddie Ryan,wattsjulian@example.com,2025-01-04 08:33:51.587354
31,Kimberly Lawson,tsharp@example.com,2022-11-30 11:40:02.321025
32,Christopher Walker,amy83@example.net,2021-05-20 18:04:06.990220
33,Jason Castro,ryan08@example.org,2023-07-13 01:46:18.605590
34,David Johnson,lambertmichael@example.com,2024-05-27 12:05:40.351483
35,Nicole Serrano,bryan97@example.org,2020-07-10 16:16:56.764533
36,Laura Frost,margaret07@example.org,2022-01-05 15:15:31.052556
37,Christy Pope,daniel24@example.net,2024-05-06 10:52:15.292055
38,Angela Willis,carlabell@example.org,2024-05-18 13:41:51.302364
39,Denise Blanchard,janiceriddle@example.net,2020-07-28 03:34:29.998590
40,Wendy Morales,donnakaufman@example.org,2022-03-27 14:06:54.704478
41,Jennifer Miller MD,brettberry@example.com,2023-05-19 23:47:09.428097
42,Rhonda Baker,jennifer59@example.org,2023-05-07 02:30:20.893003
43,Lauren Burke,pamela67@example.net,2022-09-13 12:33:59.569483
44,Andrew Torres,grossbrandon@example.net,2021-11-01 18:26:13.723378
45,Karen Davenport,jeremysexton@example.net,2022-04-25 11:35:40.148507
46,Aaron Jones,christine55@example.com,2023-07-12 08:04:02.396356
47,April Andrews,ddavis@example.net,2024-11-24 23:02:28.364618
48,Ian Ball,jarviserin@example.org,2024-01-24 04:06:30.805590
49,Jessica James,mitchelledwards@example.com,2021-09-27 21:28:23.534295
50,Joanna Morris,michelleriggs@example.com,2022-04-13 09:32:12.852185
51,Edward Baker,kelly94@example.org,2023-12-12 22:24:44.826162
52,Juan Lynn,rbates@example.net,2023-06-20 22:27:52.162373
53,Joseph White,mwilson@example.org,2024-10-11 10:18:46.500646
54,Brian Evans,hunterroger@example.com,2023-12-11 14:16:11.664753
55,Matthew Rosario,lopezaustin@example.org,2021-11-30 03:17:06.241096
56,Mary Gross,lramirez@example.com,2020-05-07 06:25:11.332876
57,Donna Johnson,john32@example.org,2024-02-21 22:02:57.012825
58,Rebecca Ibarra,ohenderson@example.net,2025-01-15 16:45:58.608375
59,Edward Carney,erika26@example.net,2022-12-15 00:07:09.227728
60,Nicole Sullivan,pramirez@example.org,2024-04-22 22:05:52.170531
61,Joseph Johnson,mark31@example.net,2021-10-11 21:46:14.661341
62,Douglas Fields,vbarron@example.org,2023-01-25 15:32:44.506269
63,Shaun Melton,fholland@example.net,2021-01-03 00:32:48.717124
64,Malik Cole,john80@example.org,2020-01-10 16:01:30.443271
65,Rachel Lee,terri98@example.net,2024-02-14 19:57:23.693509
66,Margaret Johnson,fernandezjustin@example.org,2025-03-03 09:10:40.657338
67,April Carson,sandersalexander@example.org,2023-08-06 21:54:28.840592
68,Alyssa Jenkins,charlotte93@example.com,2022-09-15 08:42:44.372872
69,James Meadows,hwashington@example.com,2020-09-09 23:20:25.497351
70,Julie Martinez,alexandra88@example.org,2024-01-01 19:05:49.303890
71,Briana Macdonald,agoodman@example.org,2023-07-05 23:50:06.368166
72,James Lowe,gouldeileen@example.com,2025-01-19 06:06:16.258939
73,Roy Johnson,tammycoffey@example.net,2023-09-22 09:05:21.410193
74,Mary Escobar,pereztracy@example.net,2021-09-15 09:48:54.184340
75,Amanda Rogers,charleswebb@example.net,2024-11-06 03:53:58.043033
76,Krista Lewis,fmckinney@example.net,2023-04-01 00:10:05.518228
77,Andrew Smith,stevenslauren@example.org,2023-11-28 04:44:43.406110
78,Jerome Wise,rebecca15@example.net,2021-11-06 21:18:53.583210
79,Matthew Moon,roger15@example.org,2022-06-12 18:25:18.025389
80,Kelsey Wade,kevin81@example.net,2022-08-27 06:15:13.032983
81,Sara Richards,millergeorge@example.org,2023-07-27 22:02:26.590252
82,Michael Nguyen,wayne75@example.org,2022-10-11 01:58:25.075604
83,Jack Greene,heather64@example.net,2024-12-18 01:44:14.700783
84,Adam Cooper,sarah88@example.com,2021-11-25 18:38:21.785823
85,Jerome Giles,edwardsmatthew@example.org,2021-03-23 20:39:08.484548
86,Justin Blair,kennethwilliams@example.com,2024-09-07 09:10:51.535581
87,Kristine Osborne,cynthialewis@example.net,2020-07-04 02:09:08.654314
88,Christopher Jones,adkinsanna@example.com,2022-07-03 22:46:42.578661
89,Jennifer Fisher,xmeza@example.net,2023-02-14 17:30:57.949828
90,John Miller,ronald32@example.org,2023-11-21 03:34:37.146816
91,Michelle Benjamin,dlopez@example.org,2023-04-24 12:16:14.682884
92,Maria Marshall,kayla96@example.org,2023-08-04 15:43:22.305119
93,Micheal Santos,reneejordan@example.org,2021-01-25 23:44:51.483268
94,Rebecca Gordon,sarah49@example.com,2021-02-02 07:30:33.864762
95,Brenda Owens,michellejensen@example.net,2020-05-11 23:02:46.724345
96,Christopher Ellison,brad74@example.net,2022-12-20 18:05:12.118895
97,Amber Duncan,omarchapman@example.net,2024-06-21 03:39:36.237282
98,Cassidy Rivera,qrodriguez@example.org,2022-07-01 10:47:48.835616
99,Kevin Greene,david83@example.org,2020-09-28 23:44:24.202811
100,Amber Sanders,mhart@example.net,2024-07-31 19:09:00.442045
